backend_id,eval_id,status,from_cache,wer,hits,substitutions,deletions,insertions,reference_words,inference_seconds,audio_seconds,rtf,error_category,error_message,attempts,raw_reference,raw_hypothesis,normalized_reference,normalized_hypothesis
crisp_v0823_cohere_q4k,svarah_test_0000,success,0,0.033333,29,1,0,0,30,15.462813,14.646375,1.055743,,,1,English breaks the communication barriers between people of diverse cultural backgrounds and it creates a new community where people come together and share their cultures and ideas with broader audience.,english breaks the communication barriers between people of diverse cultural background and it creates a new community where people come together and share their cultures and ideas with broader audience,english breaks the communication barriers between people of diverse cultural backgrounds and it creates a new community where people come together and share their cultures and ideas with broader audience,english breaks the communication barriers between people of diverse cultural background and it creates a new community where people come together and share their cultures and ideas with broader audience
crisp_v0823_cohere_q4k,svarah_test_0001,success,0,0.000000,33,0,0,0,33,13.156910,14.365250,0.915885,,,1,"The radiation, the chemotherapy, everything, every every option for cancer treatment is available over here and it is largely used not only by the people of Gujarat but also by the nearby states.",the radiation the chemotherapy everything every every option for cancer treatment is available over here and it is largely used not only by the people of gujarat but also by the nearby states,the radiation the chemotherapy everything every every option for cancer treatment is available over here and it is largely used not only by the people of gujarat but also by the nearby states,the radiation the chemotherapy everything every every option for cancer treatment is available over here and it is largely used not only by the people of gujarat but also by the nearby states
crisp_v0823_cohere_q4k,svarah_test_0002,success,0,0.000000,13,0,0,0,13,5.187537,4.778375,1.085628,,,1,"We differ from other countries in terms of food, in terms of dress",we differ from other countries in terms of food in terms of dress,we differ from other countries in terms of food in terms of dress,we differ from other countries in terms of food in terms of dress
crisp_v0823_cohere_q4k,svarah_test_0003,success,0,0.062500,16,0,0,1,16,7.048873,6.987188,1.008828,,,1,Can you list all the Paid vaccination centres for age group 18+ years in district Chatra,can you list all the paid vaccination centres for age group eighteen plus years in district chatra,can you list all the paid vaccination centers for age group 18 years in district chatra,can you list all the paid vaccination centers for age group 18 plus years in district chatra
crisp_v0823_cohere_q4k,svarah_test_0004,success,0,3.000000,0,1,0,2,1,1.391283,1.100875,1.263797,,,1,39,thirteen i am,39,13 i am
crisp_v0823_cohere_q4k,svarah_test_0005,success,0,0.000000,8,0,0,0,8,3.874159,2.889187,1.340916,,,1,Clear all the reminders set up last Year,clear all the reminders set up last year,clear all the reminders set up last year,clear all the reminders set up last year
crisp_v0823_cohere_q4k,svarah_test_0006,success,0,0.000000,14,0,0,0,14,4.374557,5.507062,0.794354,,,1,A few tributaries form marshy land in early dry season due to natural seepage,a few tributaries form marshy land in early dry season due to natural seepage,a few tributaries form marshy land in early dry season due to natural seepage,a few tributaries form marshy land in early dry season due to natural seepage
crisp_v0823_cohere_q4k,svarah_test_0007,success,0,2.000000,0,1,0,1,1,0.557771,0.500875,1.113592,,,1,Time,i am,time,i am
crisp_v0823_cohere_q4k,svarah_test_0008,success,0,0.444444,5,4,0,0,9,4.363789,5.400125,0.808090,,,1,"So, starting with Maghi Chakrati, on Maghi Chakrati which",so starting with magi socrati on magi socrati which,so starting with maghi chakrati on maghi chakrati which,so starting with magi socrati on magi socrati which
crisp_v0823_cohere_q4k,svarah_test_0009,success,0,0.250000,6,2,0,0,8,2.092547,2.535938,0.825157,,,1,change the color of the lights to blue,hence the color of the light to blue,change the color of the lights to blue,hence the color of the light to blue
crisp_v0823_cohere_q4k,svarah_test_0010,success,0,0.000000,1,0,0,0,1,0.383108,0.311688,1.229143,,,1,Three,three,3,3
crisp_v0823_cohere_q4k,svarah_test_0011,success,0,0.000000,1,0,0,0,1,0.593683,0.516188,1.150131,,,1,Agree,agree,agree,agree
crisp_v0823_cohere_q4k,svarah_test_0012,success,0,0.000000,10,0,0,0,10,3.293051,4.298250,0.766138,,,1,How is the availability of healthcare professionals in your state?,how is the availability of healthcare professionals in your state,how is the availability of healthcare professionals in your state,how is the availability of healthcare professionals in your state
crisp_v0823_cohere_q4k,svarah_test_0013,success,0,0.076923,12,1,0,0,13,3.880035,4.952875,0.783390,,,1,I am trying to search for ESIC Centres with centre type Local Office,i am trying to search for esig centers with center type local office,i am trying to search for esic centers with center type local office,i am trying to search for esig centers with center type local office
crisp_v0823_cohere_q4k,svarah_test_0014,success,0,0.000000,1,0,0,0,1,0.423236,0.364250,1.161939,,,1,Help,help,help,help
crisp_v0823_cohere_q4k,svarah_test_0015,success,0,0.030303,32,1,0,0,33,10.810393,13.936125,0.775710,,,1,"my other favorite herbs are tulsi, pudina, dodapathre and vandalaga, tulsi as we all know is a very good medicinal plant or herb that can be used in treating common cold and cough",my other favourite herbs are tulsi pudina dodapatre and vandalaga tulsi as we all know is a very good medicinal plant or herb that can be used in treating common cold and cough,my other favorite herbs are tulsi pudina dodapathre and vandalaga tulsi as we all know is a very good medicinal plant or herb that can be used in treating common cold and cough,my other favorite herbs are tulsi pudina dodapatre and vandalaga tulsi as we all know is a very good medicinal plant or herb that can be used in treating common cold and cough
crisp_v0823_cohere_q4k,svarah_test_0016,success,0,0.000000,8,0,0,0,8,3.926639,5.112312,0.768075,,,1,"where I was trained physical, mental and spiritual",where i was trained physical mental and spiritual,where i was trained physical mental and spiritual,where i was trained physical mental and spiritual
crisp_v0823_cohere_q4k,svarah_test_0017,success,0,0.000000,1,0,0,0,1,0.585779,0.690312,0.848571,,,1,because,because,because,because
crisp_v0823_cohere_q4k,svarah_test_0018,success,0,2.000000,0,1,0,1,1,0.749359,0.833313,0.899253,,,1,Manas,my no,manas,my no
crisp_v0823_cohere_q4k,svarah_test_0019,success,0,0.142857,6,1,0,0,7,5.005446,3.345375,1.496229,,,1,"As for my opinion, there are not",as per my opinion there are not,as for my opinion there are not,as per my opinion there are not
crisp_v0823_cohere_q4k,svarah_test_0020,success,0,0.000000,23,0,0,0,23,13.679375,11.101750,1.232182,,,1,"The biking is booming. The demand is increasing, just because they are way cheaper than the cars. And it is environment-friendly, too",the biking is booming the demand is increasing just because they are way cheaper than the cars and it is environment friendly too,the biking is booming the demand is increasing just because they are way cheaper than the cars and it is environment friendly too,the biking is booming the demand is increasing just because they are way cheaper than the cars and it is environment friendly too
crisp_v0823_cohere_q4k,svarah_test_0021,success,0,0.333333,3,0,0,1,3,4.704427,4.960000,0.948473,,,1,entire world interconnected.,entire world interconnected not,entire world interconnected,entire world interconnected not
crisp_v0823_cohere_q4k,svarah_test_0022,success,0,0.375000,6,1,1,1,8,5.670872,6.000000,0.945145,,,1,"it It is funded by state government, UCSH",it is funded by state government egc etc,it it is funded by state government ucsh,it is funded by state government egc etc
crisp_v0823_cohere_q4k,svarah_test_0023,success,0,0.222222,7,2,0,0,9,2.842573,3.240000,0.877337,,,1,I also like Levi Skrull's Alice in Wonderland.,i also like levice carroll's alice in wonderland,i also like levi skrull is alice in wonderland,i also like levice carroll is alice in wonderland
crisp_v0823_cohere_q4k,svarah_test_0024,success,0,0.000000,6,0,0,0,6,1.854871,2.129563,0.871011,,,1,Mute my reminders for a day!,mute my reminders for a day,mute my reminders for a day,mute my reminders for a day
crisp_v0823_cohere_q4k,svarah_test_0025,success,0,0.000000,10,0,0,0,10,7.404666,6.360938,1.164084,,,1,Find all blood banks with A- blood in district Warangal,find all blood banks with a blood in district warangal,find all blood banks with a blood in district warangal,find all blood banks with a blood in district warangal
crisp_v0823_cohere_q4k,svarah_test_0026,success,0,0.047619,21,0,0,1,21,11.319435,10.678500,1.060021,,,1,For people of age group 18+ years is there any Free vaccination centre available in district Jaipur which provides First Dose,for people of age group above eighteen years is there any free vaccination centre available in district jaipur which provides first dose,for people of age group 18 years is there any free vaccination center available in district jaipur which provides 1st dose,for people of age group above 18 years is there any free vaccination center available in district jaipur which provides 1st dose
crisp_v0823_cohere_q4k,svarah_test_0027,success,0,0.000000,7,0,0,0,7,2.384845,2.799625,0.851844,,,1,Start a new email to George Brown,start a new email to george brown,start a new email to george brown,start a new email to george brown
crisp_v0823_cohere_q4k,svarah_test_0028,success,0,0.000000,1,0,0,0,1,0.650894,0.591625,1.100180,,,1,farming,farming,farming,farming
crisp_v0823_cohere_q4k,svarah_test_0029,success,0,1.000000,1,1,0,1,2,1.026256,1.113000,0.922063,,,1,Chandrashekhar Jha,jendra sekhar jha,chandrashekhar jha,jendra sekhar jha
crisp_v0823_cohere_q4k,svarah_test_0030,success,0,0.000000,5,0,0,0,5,2.776774,3.160000,0.878726,,,1,I love doing nature photography.,i love doing nature photography,i love doing nature photography,i love doing nature photography
crisp_v0823_cohere_q4k,svarah_test_0031,success,0,0.000000,18,0,0,0,18,5.291027,5.859250,0.903021,,,1,"That if someone speaks in English, then he is literate. We can justify that, we can judge that.",that if someone speaks in english then he is literate we can justify that we can judge that,that if someone speaks in english then he is literate we can justify that we can judge that,that if someone speaks in english then he is literate we can justify that we can judge that
crisp_v0823_cohere_q4k,svarah_test_0032,success,0,0.000000,5,0,0,0,5,3.039895,3.720250,0.817121,,,1,Also music has a very,also music has a very uh,also music has a very,also music has a very
crisp_v0823_cohere_q4k,svarah_test_0033,success,0,0.000000,1,0,0,0,1,0.429934,0.310000,1.386885,,,1,Three,three,3,3
crisp_v0823_cohere_q4k,svarah_test_0034,success,0,2.000000,0,1,0,1,1,0.525958,0.430625,1.221382,,,1,Padma,but no,padma,but no
crisp_v0823_cohere_q4k,svarah_test_0035,success,0,0.050000,19,1,0,0,20,5.346793,6.638687,0.805399,,,1,The scenes of the movie of John Abraham riding the Suzuki Hayabusa It made me fall in love with biking,the scenes of the movie of john ibrahim riding the suzuki hayabusa it made me fall in love with biking,the scenes of the movie of john abraham riding the suzuki hayabusa it made me fall in love with biking,the scenes of the movie of john ibrahim riding the suzuki hayabusa it made me fall in love with biking
crisp_v0823_cohere_q4k,svarah_test_0036,success,0,0.000000,10,0,0,0,10,2.245132,2.768438,0.810974,,,1,and hoping that one of them would turn out good,and hoping that one of them would turn out good,and hoping that one of them would turn out good,and hoping that one of them would turn out good
crisp_v0823_cohere_q4k,svarah_test_0037,success,0,0.176471,14,3,0,0,17,6.493924,8.461500,0.767467,,,1,The price mentioned for National Gardens Potted Tomato Seeds is not correct as compare to market prices.,the price mentioned for national garden spotted tomato seeds is not correct as compared to market prices,the price mentioned for national gardens potted tomato seeds is not correct as compare to market prices,the price mentioned for national garden spotted tomato seeds is not correct as compared to market prices
crisp_v0823_cohere_q4k,svarah_test_0038,success,0,0.000000,10,0,0,0,10,5.786708,6.520000,0.887532,,,1,And so difficult to say a favorite particular favorite quote,and so difficult to say a favorite particular favorite quote,and so difficult to say a favorite particular favorite quote,and so difficult to say a favorite particular favorite quote
crisp_v0823_cohere_q4k,svarah_test_0039,success,0,0.000000,12,0,0,0,12,4.741251,5.480000,0.865192,,,1,"the religion, or the community, or the race that they belong to,",the religion or the community or the race that they belong to,the religion or the community or the race that they belong to,the religion or the community or the race that they belong to
crisp_v0823_cohere_q4k,svarah_test_0040,success,0,0.000000,11,0,0,0,11,3.533042,3.530063,1.000844,,,1,Tennis courts have been built for youngsters to learn the sport.,tennis courts have been built for youngsters to learn the sport,tennis courts have been built for youngsters to learn the sport,tennis courts have been built for youngsters to learn the sport
crisp_v0823_cohere_q4k,svarah_test_0041,success,0,0.166667,11,1,0,1,12,5.885087,7.043000,0.835594,,,1,"yes it caters different need and different sectors for example, hospitality, agriculture",and yes it caters different needs and different sectors for example hospitality agriculture,yes it caters different need and different sectors for example hospitality agriculture,and yes it caters different needs and different sectors for example hospitality agriculture
crisp_v0823_cohere_q4k,svarah_test_0042,success,0,0.028571,35,0,0,1,35,14.799962,15.625813,0.947148,,,1,"It celebrates the occasion on two days, that is 15th and 16th of August. The festivity is held on such a large scale that even people from neighboring town gather here to witness the spectacle",it celebrates the occasion on two days that is the fifteenth and sixteenth of august the festivity is held on such a large scale that even people from neighboring town gather here to witness the spectacle,it celebrates the occasion on 2 days that is 15th and 16th of august the festivity is held on such a large scale that even people from neighboring town gather here to witness the spectacle,it celebrates the occasion on 2 days that is the 15th and 16th of august the festivity is held on such a large scale that even people from neighboring town gather here to witness the spectacle
crisp_v0823_cohere_q4k,svarah_test_0043,success,0,0.000000,1,0,0,0,1,0.723709,0.514500,1.406626,,,1,On,on,on,on
crisp_v0823_cohere_q4k,svarah_test_0044,success,0,0.058824,16,1,0,0,17,6.450786,5.823563,1.107704,,,1,The people in a traditional school focus on the subjects that are of the same for everyone,the pupils in a traditional school focus on the subjects that are of the same for everyone,the people in a traditional school focus on the subjects that are of the same for everyone,the pupils in a traditional school focus on the subjects that are of the same for everyone
crisp_v0823_cohere_q4k,svarah_test_0045,success,0,0.000000,12,0,0,0,12,8.320532,7.051437,1.179977,,,1,"Initially, I used to think that yoga is very hard to practice.",initially i used to think that yoga is very hard to practice,initially i used to think that yoga is very hard to practice,initially i used to think that yoga is very hard to practice
crisp_v0823_cohere_q4k,svarah_test_0046,success,0,0.000000,11,0,0,0,11,4.839827,3.884125,1.246053,,,1,"For example, you might be able to decrease your shipping costs",for example you might be able to decrease your shipping costs,for example you might be able to decrease your shipping costs,for example you might be able to decrease your shipping costs
crisp_v0823_cohere_q4k,svarah_test_0047,success,0,0.000000,31,0,0,0,31,14.316029,12.755250,1.122364,,,1,"Apart from these factors, the challenges like salary given to private school teachers is quite meager and they find it quite hard to make their ends meet in such less income.",apart from these factors the challenges like salary given to private school teachers is quite meagre and they find it quite hard to make their ends meet in such less income,apart from these factors the challenges like salary given to private school teachers is quite meager and they find it quite hard to make their ends meet in such less income,apart from these factors the challenges like salary given to private school teachers is quite meager and they find it quite hard to make their ends meet in such less income
crisp_v0823_cohere_q4k,svarah_test_0048,success,0,0.000000,11,0,0,0,11,3.469303,4.151438,0.835687,,,1,Show a list of all available vaccination center in State Maharashtra,show a list of all available vaccination center in state maharashtra,show a list of all available vaccination center in state maharashtra,show a list of all available vaccination center in state maharashtra
crisp_v0823_cohere_q4k,svarah_test_0049,success,0,0.000000,1,0,0,0,1,0.588838,0.622062,0.946590,,,1,Government,government,government,government
crisp_v0823_cohere_q4k,svarah_test_0050,success,0,0.052632,18,1,0,0,19,8.042929,9.400875,0.855551,,,1,"So, the matter I took take to paint is nature maybe a same scenery or any animal or flowers",so the matter i took take to paint is nature maybe a scene scenery or any animal or flowers,so the matter i took take to paint is nature maybe a same scenery or any animal or flowers,so the matter i took take to paint is nature maybe a scene scenery or any animal or flowers
crisp_v0823_cohere_q4k,svarah_test_0051,success,0,0.058824,17,0,0,1,17,6.529230,7.465937,0.874536,,,1,"So yes, English plays a very important role in exchanging and communication that is very very important",so yes english plays a very important role in exchanging and communication that is a very very important,so yes english plays a very important role in exchanging and communication that is very very important,so yes english plays a very important role in exchanging and communication that is a very very important
crisp_v0823_cohere_q4k,svarah_test_0052,success,0,0.000000,5,0,0,0,5,1.745904,1.867063,0.935107,,,1,more than any other kind,uh more than any other kind,more than any other kind,more than any other kind
crisp_v0823_cohere_q4k,svarah_test_0053,success,0,0.250000,10,1,1,1,12,7.207374,8.849438,0.814444,,,1,"the 10th day and up to Purnima, people visit to their relatives",that day and up to purnima they people visit to their relatives,the 10th day and up to purnima people visit to their relatives,that day and up to purnima they people visit to their relatives
crisp_v0823_cohere_q4k,svarah_test_0054,success,0,0.500000,3,3,0,0,6,1.703072,1.799375,0.946480,,,1,throng and climb the Baukungri peak,thrones and climb the bungalow free,throng and climb the baukungri peak,thrones and climb the bungalow free
crisp_v0823_cohere_q4k,svarah_test_0055,success,0,0.000000,1,0,0,0,1,0.661120,0.560000,1.180572,,,1,Yeah.,yeah,yeah,yeah
crisp_v0823_cohere_q4k,svarah_test_0056,success,0,0.000000,1,0,0,0,1,0.697297,0.690750,1.009478,,,1,On,on,on,on
crisp_v0823_cohere_q4k,svarah_test_0057,success,0,0.000000,1,0,0,0,1,0.605059,0.480000,1.260539,,,1,food,food,food,food
crisp_v0823_cohere_q4k,svarah_test_0058,success,0,0.000000,11,0,0,0,11,6.168633,3.553187,1.736084,,,1,She is the recipient of several accolades including a Filmfare Award.,she is the recipient of several accolades including a filmfare award,she is the recipient of several accolades including a filmfare award,she is the recipient of several accolades including a filmfare award
crisp_v0823_cohere_q4k,svarah_test_0059,success,0,0.000000,17,0,0,0,17,4.934939,5.000000,0.986988,,,1,"So in order to bring all these back, in order to promote our cultural aspects, our cultural",so in order to bring all these back in order to promote our cultural aspects our cultural,so in order to bring all these back in order to promote our cultural aspects our cultural,so in order to bring all these back in order to promote our cultural aspects our cultural
crisp_v0823_cohere_q4k,svarah_test_0060,success,0,0.000000,29,0,0,0,29,10.338797,12.481188,0.828350,,,1,"There, There is something which pulls me towards that book which makes me read again and again and again is the kind of connection I feel with her stories.",there there is something which pulls me towards that book which makes me read again and again and again is the kind of connection i feel with her stories,there there is something which pulls me towards that book which makes me read again and again and again is the kind of connection i feel with her stories,there there is something which pulls me towards that book which makes me read again and again and again is the kind of connection i feel with her stories
crisp_v0823_cohere_q4k,svarah_test_0061,success,0,0.000000,2,0,0,0,2,0.982840,1.105500,0.889046,,,1,volume level,volume level,volume level,volume level
crisp_v0823_cohere_q4k,svarah_test_0062,success,0,0.300000,8,2,0,1,10,3.350506,3.456000,0.969475,,,1,Pay Rs. 500 more to the last scanned QR code,pay rupees five hundred more to the last scanned q r code,pay rs 500 more to the last scanned qr code,pay rupees 500 more to the last scanned q r code
crisp_v0823_cohere_q4k,svarah_test_0063,success,0,0.000000,1,0,0,0,1,0.401310,0.287000,1.398294,,,1,Down,down,down,down
crisp_v0823_cohere_q4k,svarah_test_0064,success,0,0.000000,16,0,0,0,16,8.709617,10.309375,0.844825,,,1,William Shakespeare is believed to be responsible for the addition of thousands of words new words.,william shakespeare is believed to be responsible for the addition of thousands of words new words,william shakespeare is believed to be responsible for the addition of 1000s of words new words,william shakespeare is believed to be responsible for the addition of 1000s of words new words
crisp_v0823_cohere_q4k,svarah_test_0065,success,0,0.047619,21,0,0,1,21,7.162906,7.659500,0.935166,,,1,"the people who practice those different religions, they have a high level of tolerance and respect for each other's religion",well the people who practice those different religions they have a high level of tolerance and respect for each other's religion,the people who practice those different religions they have a high level of tolerance and respect for each other is religion,well the people who practice those different religions they have a high level of tolerance and respect for each other is religion
crisp_v0823_cohere_q4k,svarah_test_0066,success,0,0.111111,8,1,0,0,9,4.753710,5.145000,0.923948,,,1,"Lakshmi Vilas Palace, residence of Vadodara's royal family.",lakshmi villas palace residence of vadodara's royal family,lakshmi vilas palace residence of vadodara is royal family,lakshmi villas palace residence of vadodara is royal family
crisp_v0823_cohere_q4k,svarah_test_0067,success,0,0.142857,13,1,0,1,14,6.587290,5.680500,1.159632,,,1,What are the items in Processed Food items with the offer of minimum 40 % ?,what are the items in the processed food items with the offer of minimum forty per cent,what are the items in processed food items with the offer of minimum 40 ,what are the items in the processed food items with the offer of minimum 40%
crisp_v0823_cohere_q4k,svarah_test_0068,success,0,0.000000,1,0,0,0,1,0.834513,0.332375,2.510756,,,1,Up,up,up,up
crisp_v0823_cohere_q4k,svarah_test_0069,success,0,0.000000,9,0,0,0,9,5.169793,5.599687,0.923229,,,1,our festivals which are considered to be the symbols,our festivals which are considered to be the symbols,our festivals which are considered to be the symbols,our festivals which are considered to be the symbols
crisp_v0823_cohere_q4k,svarah_test_0070,success,0,0.000000,1,0,0,0,1,0.865664,0.864563,1.001274,,,1,Backward,backward,backward,backward
crisp_v0823_cohere_q4k,svarah_test_0071,success,0,0.214286,11,1,2,0,14,4.269842,4.800000,0.889550,,,1,"That is why I like poetry, and it is my favorite genre in writing.",that is why i like poetry and it is my favourite journey,that is why i like poetry and it is my favorite genre in writing,that is why i like poetry and it is my favorite journey
crisp_v0823_cohere_q4k,svarah_test_0072,success,0,0.000000,1,0,0,0,1,0.537713,0.433437,1.240577,,,1,Agree,agree,agree,agree
crisp_v0823_cohere_q4k,svarah_test_0073,success,0,0.090909,10,0,1,0,11,3.442920,4.160000,0.827625,,,1,The Fine Old English Gentleman is one of his finest poems.,fine old english gentleman is one of his finest poems,the fine old english gentleman is one of his finest poems,fine old english gentleman is one of his finest poems
crisp_v0823_cohere_q4k,svarah_test_0074,success,0,2.000000,0,1,0,1,1,0.876063,0.794375,1.102833,,,1,Subarnapur,suborna puro,subarnapur,suborna puro
crisp_v0823_cohere_q4k,svarah_test_0075,success,0,0.000000,5,0,0,0,5,1.994003,1.975000,1.009622,,,1,There is no restriction on,there is no restriction on,there is no restriction on,there is no restriction on
crisp_v0823_cohere_q4k,svarah_test_0076,success,0,0.000000,3,0,0,0,3,1.097450,0.958937,1.144444,,,1,that is noodle.,that is noodle,that is noodle,that is noodle
crisp_v0823_cohere_q4k,svarah_test_0077,success,0,0.000000,17,0,0,0,17,5.937502,5.701750,1.041347,,,1,"Although a French citizen, she has been brought up and lived most of her life in India.",although a french citizen she has been brought up and lived most of her life in india,although a french citizen she has been brought up and lived most of her life in india,although a french citizen she has been brought up and lived most of her life in india
crisp_v0823_cohere_q4k,svarah_test_0078,success,0,0.052632,18,1,0,0,19,7.515443,7.880375,0.953691,,,1,or may it be any local vendor. They will always be ready to help people coming from outside Odisha.,or may it be any local vendor they will always be ready to help people coming from outside odessa,or may it be any local vendor they will always be ready to help people coming from outside odisha,or may it be any local vendor they will always be ready to help people coming from outside odessa
crisp_v0823_cohere_q4k,svarah_test_0079,success,0,0.500000,1,1,0,0,2,0.899541,0.957125,0.939836,,,1,developing steps,developing stets,developing steps,developing stets
crisp_v0823_cohere_q4k,svarah_test_0080,success,0,0.000000,27,0,0,0,27,11.439950,13.535562,0.845177,,,1,"In India, most states, they focus more on studies and rather less on sports. That is the reason why we have low sports categories in our states",in india most states they focus more on studies and rather less on sports that is the reason why we have low sports categories in our states,in india most states they focus more on studies and rather less on sports that is the reason why we have low sports categories in our states,in india most states they focus more on studies and rather less on sports that is the reason why we have low sports categories in our states
crisp_v0823_cohere_q4k,svarah_test_0081,success,0,0.000000,5,0,0,0,5,2.066022,2.133938,0.968174,,,1,let me hear my list,let me hear my list,let me hear my list,let me hear my list
crisp_v0823_cohere_q4k,svarah_test_0082,success,0,0.000000,14,0,0,0,14,5.176239,6.716500,0.770675,,,1,A reduction in this cost is evidence that you are building a recognized brand.,a reduction in this cost is evidence that you are building a recognized brand,a reduction in this cost is evidence that you are building a recognized brand,a reduction in this cost is evidence that you are building a recognized brand
crisp_v0823_cohere_q4k,svarah_test_0083,success,0,1.000000,0,1,0,0,1,0.703037,0.663000,1.060388,,,1,Kuwait,covet,kuwait,covet
crisp_v0823_cohere_q4k,svarah_test_0084,success,0,0.000000,10,0,0,0,10,2.774230,3.327062,0.833838,,,1,Being even a few minutes late may disqualify your submission.,being even a few minutes late may disqualify your submission,being even a few minutes late may disqualify your submission,being even a few minutes late may disqualify your submission
crisp_v0823_cohere_q4k,svarah_test_0085,success,0,0.000000,1,0,0,0,1,0.573230,0.540937,1.059698,,,1,Forward,forward,forward,forward
crisp_v0823_cohere_q4k,svarah_test_0086,success,0,0.000000,5,0,0,0,5,1.072373,0.904937,1.185024,,,1,i want you to mute,i want you to mute,i want you to mute,i want you to mute
crisp_v0823_cohere_q4k,svarah_test_0087,success,0,1.000000,0,1,0,0,1,0.535982,0.483000,1.109693,,,1,Three,tree,3,tree
crisp_v0823_cohere_q4k,svarah_test_0088,success,0,0.375000,6,2,0,1,8,5.669950,7.283812,0.778432,,,1,Your MPIN is invalid for mobile number 77341091445,your m pin is invalid form mobile number seven seven three four one zero nine one four four five,your mpin is invalid for mobile number 77341091445,your m pin is invalid form mobile number 77341091445
crisp_v0823_cohere_q4k,svarah_test_0089,success,0,0.000000,3,0,0,0,3,0.847230,0.931562,0.909472,,,1,raise the volume,raise the volume,raise the volume,raise the volume
crisp_v0823_cohere_q4k,svarah_test_0090,success,0,0.050000,19,0,1,0,20,8.518343,11.045063,0.771235,,,1,So if they are not using glutes they will tire the their other muscles and that will lead to fatigue.,so if they are not using glutes they will tire their other muscles and that will lead to fatigue,so if they are not using glutes they will tire the their other muscles and that will lead to fatigue,so if they are not using glutes they will tire their other muscles and that will lead to fatigue
crisp_v0823_cohere_q4k,svarah_test_0091,success,0,0.000000,6,0,0,0,6,2.958157,2.927625,1.010429,,,1,are being converted into residential sites,are being converted into residential sites,are being converted into residential sites,are being converted into residential sites
crisp_v0823_cohere_q4k,svarah_test_0092,success,0,0.000000,7,0,0,0,7,2.920572,2.117500,1.379255,,,1,"As I am not a professional singer,",as i am not a professional singer,as i am not a professional singer,as i am not a professional singer
crisp_v0823_cohere_q4k,svarah_test_0093,success,0,0.090909,10,1,0,0,11,3.737551,4.880000,0.765892,,,1,But somebody from Mumbai or Bangalore could very well learn Odissi,but somebody from mumbai or bangalore could very well learn odyssey,but somebody from mumbai or bangalore could very well learn odissi,but somebody from mumbai or bangalore could very well learn odyssey
crisp_v0823_cohere_q4k,svarah_test_0094,success,0,0.000000,8,0,0,0,8,2.633251,3.168625,0.831039,,,1,and use them in our bath powders or,and use them in our bath powders or,and use them in our bath powders or,and use them in our bath powders or
crisp_v0823_cohere_q4k,svarah_test_0095,success,0,0.111111,9,0,0,1,9,5.344879,7.183375,0.744062,,,1,"Well, I was not a student of English medium.",well i was a not a student of english medium,well i was not a student of english medium,well i was a not a student of english medium
crisp_v0823_cohere_q4k,svarah_test_0096,success,0,1.000000,0,1,0,0,1,0.740983,0.850000,0.871745,,,1,agriculture,agricultur,agriculture,agricultur
crisp_v0823_cohere_q4k,svarah_test_0097,success,0,0.000000,7,0,0,0,7,2.837441,3.803500,0.746008,,,1,its multiple subplots and the complicated plot,its multiple subplots and the complicated plot,its multiple subplots and the complicated plot,its multiple subplots and the complicated plot
crisp_v0823_cohere_q4k,svarah_test_0098,success,0,0.000000,13,0,0,0,13,7.580100,8.324312,0.910598,,,1,So after the celebration all the materials that is gathered or collected are,so after the celebration all the materials that is gathered or collected are,so after the celebration all the materials that is gathered or collected are,so after the celebration all the materials that is gathered or collected are
crisp_v0823_cohere_q4k,svarah_test_0099,success,0,0.105263,18,1,0,1,19,11.060838,11.592813,0.954112,,,1,Can you help in searching for ESIC Centres located in area with pincode 198753 and centre type IMP Clinic,can you help in searching for esic centers located in area with pin code 198753 and center type imp clinic,can you help in searching for esic centers located in area with pincode 198753 and center type imp clinic,can you help in searching for esic centers located in area with pin code 198753 and center type imp clinic
crisp_v0823_cohere_q4k,svarah_test_0100,success,0,0.066667,14,1,0,0,15,5.379991,6.168500,0.872172,,,1,Social media and online education platforms plays a vital role in the field of education.,social media and online education platforms play a vital role in the field of education,social media and online education platforms plays a vital role in the field of education,social media and online education platforms play a vital role in the field of education
crisp_v0823_cohere_q4k,svarah_test_0101,success,0,1.000000,0,1,0,0,1,0.526753,0.546875,0.963205,,,1,Off,of,off,of
crisp_v0823_cohere_q4k,svarah_test_0102,success,0,0.250000,7,1,0,1,8,4.218042,5.298687,0.796054,,,1,compare to other languages English has wider audience,compared to other languages english has a wider audience,compare to other languages english has wider audience,compared to other languages english has a wider audience
crisp_v0823_cohere_q4k,svarah_test_0103,success,0,0.125000,7,1,0,0,8,2.947135,3.324125,0.886590,,,1,Bangalore is known as a city of entrepreneurs.,bangalore is known as the city of entrepreneurs,bangalore is known as a city of entrepreneurs,bangalore is known as the city of entrepreneurs
crisp_v0823_cohere_q4k,svarah_test_0104,success,0,0.000000,19,0,0,0,19,7.785926,8.204875,0.948939,,,1,Tell me how to link multiple bank accounts and transfer money between my own accounts in Maharashtra Gramin Bank,tell me how to link multiple bank accounts and transfer money between my own accounts in maharashtra gramin bank,tell me how to link multiple bank accounts and transfer money between my own accounts in maharashtra gramin bank,tell me how to link multiple bank accounts and transfer money between my own accounts in maharashtra gramin bank
crisp_v0823_cohere_q4k,svarah_test_0105,success,0,0.000000,1,0,0,0,1,1.283323,0.996687,1.287588,,,1,Previous,previous,previous,previous
crisp_v0823_cohere_q4k,svarah_test_0106,success,0,0.000000,10,0,0,0,10,3.867135,3.796250,1.018672,,,1,Attacks targeting police have become common in the Nangarhar province,attacks targeting police have become common in the nangarhar province,attacks targeting police have become common in the nangarhar province,attacks targeting police have become common in the nangarhar province
crisp_v0823_cohere_q4k,svarah_test_0107,success,0,0.000000,9,0,0,0,9,4.153797,4.240000,0.979669,,,1,"In North Bihar, there is a lot of flooding,",in north bihar there is a lot of flooding,in north bihar there is a lot of flooding,in north bihar there is a lot of flooding
crisp_v0823_cohere_q4k,svarah_test_0108,success,0,0.000000,10,0,0,0,10,4.185843,4.359000,0.960276,,,1,Capturing candid moment can make a great portrait I think.,capturing candid moment can make a great portrait i think,capturing candid moment can make a great portrait i think,capturing candid moment can make a great portrait i think
crisp_v0823_cohere_q4k,svarah_test_0109,success,0,0.000000,7,0,0,0,7,2.842043,3.001875,0.946756,,,1,The art and craft of our state,the art and craft of our state,the art and craft of our state,the art and craft of our state
crisp_v0823_cohere_q4k,svarah_test_0110,success,0,0.000000,9,0,0,0,9,3.038887,3.060062,0.993080,,,1,Can I get my order delivered after 2 Hours,can i get my order delivered after two hours,can i get my order delivered after 2 hours,can i get my order delivered after 2 hours
crisp_v0823_cohere_q4k,svarah_test_0111,success,0,0.200000,8,2,0,0,10,4.239557,4.539500,0.933926,,,1,Chhath Puja is a folk festival that lasts four days.,third puja is a folk festival that lasts for days,chhath puja is a folk festival that lasts 4 days,3rd puja is a folk festival that lasts for days
crisp_v0823_cohere_q4k,svarah_test_0112,success,0,0.000000,1,0,0,0,1,0.574109,0.477500,1.202324,,,1,One,one,one,one
crisp_v0823_cohere_q4k,svarah_test_0113,success,0,0.000000,1,0,0,0,1,0.613571,0.435125,1.410104,,,1,On,on,on,on
crisp_v0823_cohere_q4k,svarah_test_0114,success,0,0.040000,24,1,0,0,25,10.474236,12.950000,0.808821,,,1,"So the first day of Bohag Bihu is called Guru Bihu. In this Bihu, bulls or cows are bathed in the bank of a river.",so the first day of bhag bihu is called guru bihu in this bihu bulls or cows are bathed in the bank of a river,so the 1st day of bohag bihu is called guru bihu in this bihu bulls or cows are bathed in the bank of a river,so the 1st day of bhag bihu is called guru bihu in this bihu bulls or cows are bathed in the bank of a river
crisp_v0823_cohere_q4k,svarah_test_0115,success,0,0.000000,11,0,0,0,11,2.383567,3.100000,0.768893,,,1,"Now taking the government schools into account, not much was done",now taking the government schools into account not much was done,now taking the government schools into account not much was done,now taking the government schools into account not much was done
crisp_v0823_cohere_q4k,svarah_test_0116,success,0,0.000000,10,0,0,0,10,2.554932,3.160000,0.808523,,,1,We have a composter at our garden in our house,we have a composter at our garden in our house,we have a composter at our garden in our house,we have a composter at our garden in our house
crisp_v0823_cohere_q4k,svarah_test_0117,success,0,0.000000,11,0,0,0,11,2.614262,2.797750,0.934416,,,1,What remaining bills do I have to pay for this month ?,what remaining bills do i have to pay for this month,what remaining bills do i have to pay for this month,what remaining bills do i have to pay for this month
crisp_v0823_cohere_q4k,svarah_test_0118,success,0,0.000000,5,0,0,0,5,2.884196,3.558625,0.810481,,,1,Indian English speakers of English,indian english speakers of english,indian english speakers of english,indian english speakers of english
crisp_v0823_cohere_q4k,svarah_test_0119,success,0,0.100000,9,1,0,0,10,4.504519,5.561687,0.809920,,,1,Chalazion surgery is a safe procedure and complications seldom occur.,shellazion surgery is a safe procedure and complications seldom occur,chalazion surgery is a safe procedure and complications seldom occur,shellazion surgery is a safe procedure and complications seldom occur
crisp_v0823_cohere_q4k,svarah_test_0120,success,0,0.066667,14,1,0,0,15,7.682619,7.148937,1.074652,,,1,Can you add 120 gm The Laughing Cow Creamy Cheese Triangles to my shopping list?,can you add 120 gram the laughing cow creamy cheese triangles to my shopping list,can you add 120 gm the laughing cow creamy cheese triangles to my shopping list,can you add 120 gram the laughing cow creamy cheese triangles to my shopping list
crisp_v0823_cohere_q4k,svarah_test_0121,success,0,0.333333,2,1,0,0,3,0.921517,0.966000,0.953952,,,1,One is their,one is there,one is their,one is there
crisp_v0823_cohere_q4k,svarah_test_0122,success,0,0.021739,46,0,0,1,46,28.584480,26.609750,1.074211,,,1,"as the story developed, which is set in the time of the English Civil War in the 17th century, it became really very interesting and also described not only the culture and the social mores of the period, but also developed into a very good storyline.",as the story developed which is set in the time of the english civil war in the seventeenth century it became really very interesting and also described the not only the culture and the social mores of the period but also developed into a very good storyline,as the story developed which is set in the time of the english civil war in the 17th century it became really very interesting and also described not only the culture and the social mores of the period but also developed into a very good storyline,as the story developed which is set in the time of the english civil war in the 17th century it became really very interesting and also described the not only the culture and the social mores of the period but also developed into a very good storyline
crisp_v0823_cohere_q4k,svarah_test_0123,success,0,0.000000,10,0,0,0,10,13.684209,3.702750,3.695688,,,1,Can you send money to unsaved mobile numbers in Pay,can you send money to unsaved mobile numbers in pay,can you send money to unsaved mobile numbers in pay,can you send money to unsaved mobile numbers in pay
crisp_v0823_cohere_q4k,svarah_test_0124,success,0,0.000000,32,0,0,0,32,14.145843,16.597000,0.852313,,,1,"Kerala's cultural heritage is centuries old. The culture of Kerala is an amalgam of native art forms, language, literature, architectural style, music, festivals, cuisine, archaeological monuments, heritage centers and so on",kerala's cultural heritage is centuries old the culture of kerala is an amalgam of native art forms language literature architectural style music festivals cuisine archaeological monuments heritage centres and so on,kerala is cultural heritage is centuries old the culture of kerala is an amalgam of native art forms language literature architectural style music festivals cuisine archaeological monuments heritage centers and so on,kerala is cultural heritage is centuries old the culture of kerala is an amalgam of native art forms language literature architectural style music festivals cuisine archaeological monuments heritage centers and so on
crisp_v0823_cohere_q4k,svarah_test_0125,success,0,1.000000,0,1,0,0,1,0.334096,0.135313,2.469068,,,1,Up,ah,up,ah
crisp_v0823_cohere_q4k,svarah_test_0126,success,0,0.166667,11,1,0,1,12,23.610722,9.000000,2.623414,,,1,"So the climate here in Kanimpung, the winter are a bit cold,",so the climate here in kanimpong and the winter are a bit cold,so the climate here in kanimpung the winter are a bit cold,so the climate here in kanimpong and the winter are a bit cold
crisp_v0823_cohere_q4k,svarah_test_0127,success,0,0.000000,2,0,0,0,2,12.720264,1.720000,7.395502,,,1,in 1864,in eighteen sixty four,in 1864,in 1864
crisp_v0823_cohere_q4k,svarah_test_0128,success,0,0.000000,13,0,0,0,13,24.572511,7.852688,3.129185,,,1,"It is famous for many cultural traditions like Kirtan, Natak, Allah Rudal etc.",it is famous for many cultural traditions like kirtan natak allah rudal etc,it is famous for many cultural traditions like kirtan natak allah rudal etc,it is famous for many cultural traditions like kirtan natak allah rudal etc
crisp_v0823_cohere_q4k,svarah_test_0129,success,0,0.000000,18,0,0,0,18,42.314666,9.410500,4.496538,,,1,"HIV directly infects a small number of T helper cells, and also impairs other immune system responses indirectly.",hiv directly infects a small number of t helper cells and also impairs other immune system responses indirectly,hiv directly infects a small number of t helper cells and also impairs other immune system responses indirectly,hiv directly infects a small number of t helper cells and also impairs other immune system responses indirectly
crisp_v0823_cohere_q4k,svarah_test_0130,success,0,0.000000,6,0,0,0,6,118.330868,4.808438,24.609006,,,1,"London, Singapore, New York, Bangkok, Dubai.",london singapore new york bangkok dubai,london singapore new york bangkok dubai,london singapore new york bangkok dubai
crisp_v0823_cohere_q4k,svarah_test_0131,success,0,0.000000,8,0,0,0,8,60.849487,4.379187,13.895155,,,1,Add Fendo Two Fold Umbrella worth rupees R,add fendo two fold umbrella worth rupees r,add fendo 2 fold umbrella worth rupees r,add fendo 2 fold umbrella worth rupees r
crisp_v0823_cohere_q4k,svarah_test_0132,success,0,0.250000,3,1,0,0,4,40.043413,1.900062,21.074787,,,1,students girls students with,students girl students with,students girls students with,students girl students with
crisp_v0823_cohere_q4k,svarah_test_0133,success,0,0.000000,17,0,0,0,17,65.694972,5.520000,11.901263,,,1,What was the last book you read that really impacted you and how did it do so?,what was the last book you read that really impacted you and how did it do so,what was the last book you read that really impacted you and how did it do so,what was the last book you read that really impacted you and how did it do so
crisp_v0823_cohere_q4k,svarah_test_0134,success,0,0.043478,22,1,0,0,23,119.065156,8.542125,13.938587,,,1,"Chandigarh IT Park, also known as Rajiv Gandhi Chandigarh Technology Park, is the city's attempt to break into the information technology world.",chandigarh it park also known as rajiv kandi chandigarh technology park is the city's attempt to break into the information technology world,chandigarh it park also known as rajiv gandhi chandigarh technology park is the city is attempt to break into the information technology world,chandigarh it park also known as rajiv kandi chandigarh technology park is the city is attempt to break into the information technology world
crisp_v0823_cohere_q4k,svarah_test_0135,success,0,0.250000,3,1,0,0,4,34.419103,2.118250,16.248839,,,1,save my music preferences,save my musical preferences,save my music preferences,save my musical preferences
crisp_v0823_cohere_q4k,svarah_test_0136,success,0,1.000000,0,1,0,0,1,18.018893,0.443188,40.657494,,,1,Tree,e,tree,e
crisp_v0823_cohere_q4k,svarah_test_0137,success,0,0.000000,25,0,0,0,25,332.583087,20.658375,16.099189,,,1,discrimination is also a big issue in schools and colleges discrimination based on caste and religion is very much pronounced in Gujarat's education system,discrimination is also a big issue in schools and colleges discrimination based on caste and religion is very much pronounced in gujarat's education system,discrimination is also a big issue in schools and colleges discrimination based on caste and religion is very much pronounced in gujarat is education system,discrimination is also a big issue in schools and colleges discrimination based on caste and religion is very much pronounced in gujarat is education system
crisp_v0823_cohere_q4k,svarah_test_0138,success,0,0.000000,8,0,0,0,8,15.261428,6.399687,2.384715,,,1,culture values are also changing with their forms,culture values are also changing with their forms,culture values are also changing with their forms,culture values are also changing with their forms
crisp_v0823_cohere_q4k,svarah_test_0139,success,0,0.153846,11,1,1,0,13,12.244686,6.540625,1.872097,,,1,"When people live together in a society, these are there this results automatically.",when people live together in a society these are the results automatically,when people live together in a society these are there this results automatically,when people live together in a society these are the results automatically
crisp_v0823_cohere_q4k,svarah_test_0140,success,0,0.833333,1,5,0,0,6,12.773331,9.640000,1.325034,,,1,"Kamrup metro Nalbari, Nagaon, Sonitpur, Lakhimpur.",kambrook metro nullabari nogaung sunitpur lokimpur,kamrup metro nalbari nagaon sonitpur lakhimpur,kambrook metro nullabari nogaung sunitpur lokimpur
crisp_v0823_cohere_q4k,svarah_test_0141,success,0,2.000000,0,1,0,1,1,0.776126,0.503687,1.540889,,,1,Katak,cut up,katak,cut up
crisp_v0823_cohere_q4k,svarah_test_0142,success,0,0.000000,3,0,0,0,3,1.213434,1.012063,1.198972,,,1,The answer is,the answer is,the answer is,the answer is
crisp_v0823_cohere_q4k,svarah_test_0143,success,0,0.000000,28,0,0,0,28,11.672849,9.999813,1.167307,,,1,"It cannot be denied that opportunities have increased. There were also suggestions of making some villages model villages, but those ended only in the stage of an idea",it cannot be denied that opportunities have increased there were also suggestions of making some villages model villages but those ended only in the stage of an idea,it cannot be denied that opportunities have increased there were also suggestions of making some villages model villages but those ended only in the stage of an idea,it cannot be denied that opportunities have increased there were also suggestions of making some villages model villages but those ended only in the stage of an idea
crisp_v0823_cohere_q4k,svarah_test_0144,success,0,0.000000,15,0,0,0,15,5.815351,4.607062,1.262269,,,1,"At any time during this phase, the car dealer may offer to settle with you.",at any time during this phase the car dealer may offer to settle with you,at any time during this phase the car dealer may offer to settle with you,at any time during this phase the car dealer may offer to settle with you
crisp_v0823_cohere_q4k,svarah_test_0145,success,0,0.000000,1,0,0,0,1,2.384559,0.680125,3.506060,,,1,Yes,yes,yes,yes
crisp_v0823_cohere_q4k,svarah_test_0146,success,0,0.000000,6,0,0,0,6,3.216688,2.485562,1.294149,,,1,and some of the main festivals,and uh some of the main festivals,and some of the main festivals,and some of the main festivals
crisp_v0823_cohere_q4k,svarah_test_0147,success,0,0.117647,15,2,0,0,17,7.858428,6.481375,1.212463,,,1,Why did I get zero discount when the Slurrp Farm Oats Instant Powder mentioned 90 % on order,why did i get zero discount when the slurp farm oats instant powder mentioned ninety per cent on order,why did i get 0 discount when the slurrp farm oats instant powder mentioned 90 on order,why did i get 0 discount when the slurp farm oats instant powder mentioned 90% on order
crisp_v0823_cohere_q4k,svarah_test_0148,success,0,0.428571,8,2,4,0,14,7.249547,5.549688,1.306298,,,1,Can I change my delivery date from 11-9-2021 TO 23-4-2020 ?,can i change my delivery date from eleven nine twenty twenty one to twenty three four twenty twenty,can i change my delivery date from 11 9 2021 to 23 4 2020,can i change my delivery date from 1192021 to 2342020
crisp_v0823_cohere_q4k,svarah_test_0149,success,0,0.000000,1,0,0,0,1,0.691294,0.379250,1.822791,,,1,Yes,yes,yes,yes
crisp_v0823_cohere_q4k,svarah_test_0150,success,0,0.107143,25,3,0,0,28,13.457417,11.637250,1.156409,,,1,he Padanilam or the battlefield is a paddy field adjacent to the famous Ochera Parabrahma temple and the festivities are part of a ritual associated with the shrine,the padanilam or the battlefield is a paddy field adjacent to the famous orchara parebrahma temple and the festivities are part of a ritual associated with the shrine,he padanilam or the battlefield is a paddy field adjacent to the famous ochera parabrahma temple and the festivities are part of a ritual associated with the shrine,the padanilam or the battlefield is a paddy field adjacent to the famous orchara parebrahma temple and the festivities are part of a ritual associated with the shrine
crisp_v0823_cohere_q4k,svarah_test_0151,success,0,0.000000,11,0,0,0,11,4.912136,4.499937,1.091601,,,1,"is the head of the government, heading the council of ministers.",is the head of the government heading the council of ministers,is the head of the government heading the council of ministers,is the head of the government heading the council of ministers
crisp_v0823_cohere_q4k,svarah_test_0152,success,0,0.000000,1,0,0,0,1,1.019854,0.824375,1.237124,,,1,House,house,house,house
crisp_v0823_cohere_q4k,svarah_test_0153,success,0,0.125000,7,1,0,0,8,3.499331,3.129125,1.118310,,,1,Some popular beaches in my state Odisha are,some popular beaches in my state odessa are,some popular beaches in my state odisha are,some popular beaches in my state odessa are
crisp_v0823_cohere_q4k,svarah_test_0154,success,0,0.000000,18,0,0,0,18,10.098649,8.267375,1.221506,,,1,The child with special needs are now accommodated in regular schools where school has resource rooms for them,the child with special needs are now accommodated in regular schools where school has resource rooms for them,the child with special needs are now accommodated in regular schools where school has resource rooms for them,the child with special needs are now accommodated in regular schools where school has resource rooms for them
crisp_v0823_cohere_q4k,svarah_test_0155,success,0,0.000000,20,0,0,0,20,11.817341,8.100625,1.458818,,,1,"But yeah, it wouldn't harm to represent regional languages a bit more in a quest to keep them alive.",but yeah it wouldn't harm to represent regional languages a bit more in a quest to keep them alive,but yeah it would not harm to represent regional languages a bit more in a quest to keep them alive,but yeah it would not harm to represent regional languages a bit more in a quest to keep them alive
crisp_v0823_cohere_q4k,svarah_test_0156,success,0,0.031250,31,1,0,0,32,16.497380,15.817250,1.042999,,,1,"Some local art forms or crafts that are unique to my district are Bagurumba dance, silk rearing, and weaving. Bagurumba is a dance form performed by women folk belonging to Boro community.",some local art forms or crafts that are unique to my district are bagurumba dance silk rearing and weaving bagurumba is a dance form performed by women folk belonging to borough community,some local art forms or crafts that are unique to my district are bagurumba dance silk rearing and weaving bagurumba is a dance form performed by women folk belonging to boro community,some local art forms or crafts that are unique to my district are bagurumba dance silk rearing and weaving bagurumba is a dance form performed by women folk belonging to borough community
crisp_v0823_cohere_q4k,svarah_test_0157,success,0,0.000000,1,0,0,0,1,1.607721,0.541250,2.970385,,,1,Jump,jump,jump,jump
crisp_v0823_cohere_q4k,svarah_test_0158,success,0,0.000000,12,0,0,0,12,6.121051,5.600000,1.093045,,,1,"Language, though a means of communication, is naturally the expression or representation",language though a means of communication is naturally the expression or representation,language though a means of communication is naturally the expression or representation,language though a means of communication is naturally the expression or representation
crisp_v0823_cohere_q4k,svarah_test_0159,success,0,0.000000,1,0,0,0,1,0.400135,0.227875,1.755942,,,1,Three,three,3,3
crisp_v0823_cohere_q4k,svarah_test_0160,success,0,0.200000,20,4,1,0,25,16.920658,14.968750,1.130399,,,1,"Education for girls is top priorities in our state after our Prime Minister Shri Narendra Modi ji has given the slogan, Beti Bachao, Beti Padhao.",education for girls is top priorities in our state after our prime minister shiri narinder modiji has given the slogan beti bachao beti padao,education for girls is top priorities in our state after our prime minister shri narendra modi ji has given the slogan beti bachao beti padhao,education for girls is top priorities in our state after our prime minister shiri narinder modiji has given the slogan beti bachao beti padao
crisp_v0823_cohere_q4k,svarah_test_0161,success,0,0.035714,27,1,0,0,28,17.345237,14.830312,1.169580,,,1,"The present district of South 24 Parganas came into existence on March 1, 1986. It then comprised of two subdivisions, namely, Alipur and Diamond Harbour, and 30 blocks.",the present district of south twenty four parganas came into existence on march first nineteen eighty six it then comprised of two subdivisions namely alipur and diamond harbour and thirty blocks,the present district of south 24 parganas came into existence on march one 1986 it then comprised of 2 subdivisions namely alipur and diamond harbor and 30 blocks,the present district of south 24 parganas came into existence on march 1st 1986 it then comprised of 2 subdivisions namely alipur and diamond harbor and 30 blocks
crisp_v0823_cohere_q4k,svarah_test_0162,success,0,0.043478,22,1,0,0,23,6.815857,6.160312,1.106414,,,1,"or what are the things that you should try in the state, they will also help maybe it may be a shop person",or what are the things that you should try in this state they will also help maybe it may be a shop person,or what are the things that you should try in the state they will also help maybe it may be a shop person,or what are the things that you should try in this state they will also help maybe it may be a shop person
crisp_v0823_cohere_q4k,svarah_test_0163,success,0,0.000000,1,0,0,0,1,0.800345,0.521062,1.535988,,,1,Wow,wow,wow,wow
crisp_v0823_cohere_q4k,svarah_test_0164,success,0,0.000000,5,0,0,0,5,2.807281,2.880000,0.974750,,,1,"like manganese, limestone, and pyrite,",like manganese limestone and pyrite,like manganese limestone and pyrite,like manganese limestone and pyrite
crisp_v0823_cohere_q4k,svarah_test_0165,success,0,1.000000,0,1,0,0,1,0.565016,0.415125,1.361074,,,1,Tree,three,tree,3
crisp_v0823_cohere_q4k,svarah_test_0166,success,0,0.071429,13,1,0,0,14,4.762817,5.116375,0.930897,,,1,Open my transaction history for the last 24 hours and mute the contact Wahida,open my transaction history for the last twenty four hours and mute the contact bahita,open my transaction history for the last 24 hours and mute the contact wahida,open my transaction history for the last 24 hours and mute the contact bahita
crisp_v0823_cohere_q4k,svarah_test_0167,success,0,0.058824,17,0,0,1,17,10.980339,10.590375,1.036823,,,1,"Sports teach a person sportsman spirit, hard work, alertness, acceptance, and discipline more than any other source.",sports teach a person sportsman's spirit hard work alertness acceptance and discipline more than any other source,sports teach a person sportsman spirit hard work alertness acceptance and discipline more than any other source,sports teach a person sportsman is spirit hard work alertness acceptance and discipline more than any other source
crisp_v0823_cohere_q4k,svarah_test_0168,success,0,0.192308,23,3,0,2,26,13.568380,15.202625,0.892502,,,1,Can you transfer Rs. 400 to my 6844663153262 in IndusInd Bank fortnightly via PayUmoney and give me an alert in case the balance goes below that?,can you transfer rupees four hundred to my six eight four four six six three one five three two six two in indecent bank fortnightly via pay you money and give me an alert in case the balance goes below that,can you transfer rs 400 to my 6844663153262 in indusind bank fortnightly via payumoney and give me an alert in case the balance goes below that,can you transfer rupees 400 to my 6844663153262 in indecent bank fortnightly via pay you money and give me an alert in case the balance goes below that
crisp_v0823_cohere_q4k,svarah_test_0169,success,0,0.400000,3,2,0,0,5,2.223955,2.420000,0.918990,,,1,by making transactions on Limeroad,by making transactions online route,by making transactions on limeroad,by making transactions online route
crisp_v0823_cohere_q4k,svarah_test_0170,success,0,0.000000,1,0,0,0,1,0.344246,0.210437,1.635859,,,1,Up,up,up,up
crisp_v0823_cohere_q4k,svarah_test_0171,success,0,0.055556,18,0,0,1,18,6.847860,7.891312,0.867772,,,1,A cruise boat service has been started by the tourism department for visitors to the dam and reservoir.,a cruise boat service has been started by the tourism department for the visitors to the dam and reservoir,a cruise boat service has been started by the tourism department for visitors to the dam and reservoir,a cruise boat service has been started by the tourism department for the visitors to the dam and reservoir
crisp_v0823_cohere_q4k,svarah_test_0172,success,0,0.000000,1,0,0,0,1,0.585137,0.443375,1.319733,,,1,Learn,learn,learn,learn
crisp_v0823_cohere_q4k,svarah_test_0173,success,0,0.105263,17,2,0,0,19,6.075882,6.903562,0.880108,,,1,Najib's dream was to work in the Persian Gulf states and earn enough money to send back home,najeeb's dream was to work in the persian gulf states and earn enough money to send back hope,najib is dream was to work in the persian gulf states and earn enough money to send back home,najeeb is dream was to work in the persian gulf states and earn enough money to send back hope
crisp_v0823_cohere_q4k,svarah_test_0174,success,0,0.666667,1,0,2,0,3,1.449745,1.404125,1.032490,,,1,"Yeah, mostly through",yeah,yeah mostly through,yeah
crisp_v0823_cohere_q4k,svarah_test_0175,success,0,1.000000,0,1,0,0,1,0.692817,0.424250,1.633039,,,1,Nila,nay,nila,nay
crisp_v0823_cohere_q4k,svarah_test_0176,success,0,0.000000,11,0,0,0,11,6.280029,4.939312,1.271438,,,1,brainwashing a child towards a particular religion is a strict no,brainwashing a child towards a particular religion is a strict no,brainwashing a child towards a particular religion is a strict no,brainwashing a child towards a particular religion is a strict no
crisp_v0823_cohere_q4k,svarah_test_0177,success,0,0.000000,11,0,0,0,11,5.479977,5.678750,0.964997,,,1,Is there any Kids vaccination centre in the PIN Code 967045,is there any kids vaccination center in the pin code nine six seven zero four five,is there any kids vaccination center in the pin code 967045,is there any kids vaccination center in the pin code 967045
crisp_v0823_cohere_q4k,svarah_test_0178,success,0,0.150000,17,3,0,0,20,6.675162,7.094688,0.940868,,,1,"Davis was back in prison and admitted a role in a different armed robbery, at a Bank of Cyprus branch.",davies was back in prison and admitted a role in a different armed robbery at a bank of cypress bronze,davis was back in prison and admitted a role in a different armed robbery at a bank of cyprus branch,davies was back in prison and admitted a role in a different armed robbery at a bank of cypress bronze
crisp_v0823_cohere_q4k,svarah_test_0179,success,0,0.000000,13,0,0,0,13,4.186000,4.597000,0.910594,,,1,we have seen the assimilation of the culture in English language in India.,we have seen the assimilation of the culture in english language in india,we have seen the assimilation of the culture in english language in india,we have seen the assimilation of the culture in english language in india
crisp_v0823_cohere_q4k,svarah_test_0180,success,0,0.000000,1,0,0,0,1,0.605901,0.505938,1.197581,,,1,Go,go,go,go
crisp_v0823_cohere_q4k,svarah_test_0181,success,0,0.133333,13,2,0,0,15,5.433955,6.125375,0.887122,,,1,Why did I get zero discount when the Garden Raita Boondi mentioned 40 % on order,why did i get zero discount when the garden raita bundi mentioned forty percent on order,why did i get 0 discount when the garden raita boondi mentioned 40 on order,why did i get 0 discount when the garden raita bundi mentioned 40% on order
crisp_v0823_cohere_q4k,svarah_test_0182,success,0,0.250000,6,2,0,0,8,2.663540,3.024000,0.880800,,,1,"Despite a defeat of Ladakh by the Mughals,",despite a defeat of ladak by the moguls,despite a defeat of ladakh by the mughals,despite a defeat of ladak by the moguls
crisp_v0823_cohere_q4k,svarah_test_0183,success,0,0.000000,7,0,0,0,7,2.197723,2.471812,0.889114,,,1,Can you tell us about their work?,can you tell us about their work,can you tell us about their work,can you tell us about their work
crisp_v0823_cohere_q4k,svarah_test_0184,success,0,0.071429,14,0,0,1,14,5.686346,6.639375,0.856458,,,1,"During which several architecture, literature and monuments have been built by the British Empire.",during which several architecture and literature and monuments have been built by the british empire,during which several architecture literature and monuments have been built by the british empire,during which several architecture and literature and monuments have been built by the british empire
crisp_v0823_cohere_q4k,svarah_test_0185,success,0,1.000000,1,1,0,1,2,2.267793,2.484062,0.912937,,,1,Sunitpur Dhubri,sonnet poor dhubri,sunitpur dhubri,sonnet poor dhubri
crisp_v0823_cohere_q4k,svarah_test_0186,success,0,0.000000,13,0,0,0,13,7.410486,8.510875,0.870708,,,1,that to have a round shaped roti was an impossible task for me.,that to have a round shaped roti was an impossible task for me,that to have a round shaped roti was an impossible task for me,that to have a round shaped roti was an impossible task for me
crisp_v0823_cohere_q4k,svarah_test_0187,success,0,0.000000,11,0,0,0,11,8.550869,9.872125,0.866163,,,1,"working and what impact it had on people. And so, yeah.",working and what impact it had on people and so yeah,working and what impact it had on people and so yeah,working and what impact it had on people and so yeah
crisp_v0823_cohere_q4k,svarah_test_0188,success,0,0.045455,21,0,1,0,22,8.294005,9.000000,0.921556,,,1,"In the 21st century, the entire world has become narrow, accessible, shareable and familiar for all the people living on this earth.",in the twenty first century the entire world has become narrow accessible shareable and familiar for all the people living on this,in the 21st century the entire world has become narrow accessible shareable and familiar for all the people living on this earth,in the 21st century the entire world has become narrow accessible shareable and familiar for all the people living on this
crisp_v0823_cohere_q4k,svarah_test_0189,success,0,0.000000,8,0,0,0,8,3.320334,3.239813,1.024854,,,1,"lockdown period, last three years, so to say",lockdown period last three years so to say,lockdown period last 3 years so to say,lockdown period last 3 years so to say
crisp_v0823_cohere_q4k,svarah_test_0190,success,0,0.000000,1,0,0,0,1,0.609875,0.511188,1.193056,,,1,Right,right,right,right
crisp_v0823_cohere_q4k,svarah_test_0191,success,0,0.333333,2,1,0,0,3,1.813264,1.725250,1.051015,,,1,Add Rs 500,add rupies five hundred,add rs 500,add rupies 500
crisp_v0823_cohere_q4k,svarah_test_0192,success,0,0.000000,14,0,0,0,14,3.881652,4.112563,0.943853,,,1,"If so, what is it and why do you keep coming back to it?",if so what is it and why do you keep coming back to it,if so what is it and why do you keep coming back to it,if so what is it and why do you keep coming back to it
crisp_v0823_cohere_q4k,svarah_test_0193,success,0,0.000000,9,0,0,0,9,4.014868,3.449750,1.163814,,,1,"So, there are so many bodies who are working",so there are so many bodies who are working,so there are so many bodies who are working,so there are so many bodies who are working
crisp_v0823_cohere_q4k,svarah_test_0194,success,0,0.000000,1,0,0,0,1,0.580713,0.335375,1.731532,,,1,Dog,dog,dog,dog
crisp_v0823_cohere_q4k,svarah_test_0195,success,0,0.000000,1,0,0,0,1,0.477297,0.359438,1.327901,,,1,Three,three,3,3
crisp_v0823_cohere_q4k,svarah_test_0196,success,0,0.000000,18,0,0,0,18,27.049869,18.760000,1.441891,,,1,"Previously, it used to be the richer people's language or only few people can talk in English.",previously it used to be the richer people's language or only few people can talk in english,previously it used to be the richer people is language or only few people can talk in english,previously it used to be the richer people is language or only few people can talk in english
crisp_v0823_cohere_q4k,svarah_test_0197,success,0,0.250000,10,2,0,1,12,11.126464,11.802875,0.942691,,,1,"Like that, I already mentioned the title of this book, Jeewan Kadegaful.",like that i already mentioned the title of this book john carnegie full,like that i already mentioned the title of this book jeewan kadegaful,like that i already mentioned the title of this book john carnegie full
crisp_v0823_cohere_q4k,svarah_test_0198,success,0,0.000000,12,0,0,0,12,5.206586,5.925625,0.878656,,,1,There are primary health centers in every village which provide free medical,there are primary health centers in every village which provide free medical,there are primary health centers in every village which provide free medical,there are primary health centers in every village which provide free medical
crisp_v0823_cohere_q4k,svarah_test_0199,success,0,0.000000,1,0,0,0,1,0.391804,0.245125,1.598384,,,1,Down,down,down,down
